{
  "users":  [
    {
      "id": "1001",
      "name": "Olesya Slepcova",
      "email": "olesaslepcova13@gmail.com",
      "gender": "male",
      "contact": {
        "mobile": "+91 0000000000",
        "home": "00 000000",
        "office": "00 000000"
      }
    },
    {
      "id": "1002",
      "name": "Ali Jaguar",
      "email": "ali_jaguar@gmail.com",
      "gender": "male",
      "contact": {
        "mobile": "+91 0000000000",
        "home": "00 000000",
        "office": "00 000000"
      }
    },
    {
      "id": "1002",
      "name": "Mohammad Frajk",
      "email": "Mohammad_frajk@gmail.com",
      "gender": "male",
      "contact": {
        "mobile": "+91 0000000000",
        "home": "00 000000",
        "office": "00 000000"
      }
    }
  ]
}